query,url,title,theme,perspective,key_insight,timestamp
viaje fertilidad experiencias personales foro,https://www.reproduccionasistida.org/foro/tema/compartir-experiencias-para-transferencia-marzo-abril-2024/,Compartir experiencias para transferencia Marzo/Abril 2024 - Reproducción Asistida ORG,community support and shared journey,women undergoing IVF,"This forum thread provides a real-time glimpse into the day-to-day emotional and logistical rollercoaster of women undergoing IVF. The participants share anxieties about medication, an upcoming embryo transfer, and the two-week wait, offering each other encouragement and solidarity. It highlights the importance of peer support in navigating the uncertainties and stresses of fertility treatments, creating a sense of community among those with a shared, immediate experience.",2025-09-25 10:17:29
viaje fertilidad experiencias personales foro,https://www.mumities.com/blog/historias-reales-infertilidad/,8 historias reales de mamás con infertilidad - mumities,emotional toll and normalization,women who have gone through infertility,"This blog post compiles eight personal stories of infertility, showcasing a range of experiences from miscarriage to successful IVF. A central theme is the profound emotional pain and isolation that often accompany the journey. The author emphasizes the importance of seeking support, whether from friends, partners, or forums, to break the taboo surrounding infertility and normalize the conversation. It underscores the idea that this is a widespread issue that many face in silence.",2025-09-25 10:17:29
viaje fertilidad experiencias personales foro,https://beatriztierno.com/mi-historia-fertil/,Mi Historia infértil - Beatriz Tierno,proactive self-advocacy and holistic approach,woman with endometriosis and low ovarian reserve,"This personal blog details the author's proactive and deeply personal journey through multiple IVF cycles. She shares her specific diagnoses of endometriosis and low ovarian reserve, and her partner's male factor infertility. A key insight is her focus on taking control of what she could, such as through extensive supplementation for both her and her partner, which she believes improved embryo quality over successive cycles. It highlights a perspective of patient empowerment and a multi-faceted approach to treatment.",2025-09-25 10:17:29
viaje fertilidad experiencias personales foro,https://ivi.es/blog/historias-reales-de-reproduccion-asistida/,"Historias reales de reproducción asistida: ser madre, todo llega - IVI",long-term perseverance and hope,couple going through multiple failed treatments,"This testimonial, featured on a fertility clinic's blog, recounts a couple's long and arduous path to parenthood, involving multiple failed transfers, a biochemical pregnancy, and the eventual success with IVF that led to the birth of their children. The narrative emphasizes the theme of perseverance in the face of repeated disappointment and the immense joy and gratitude that comes with a long-awaited positive outcome. It offers a message of hope, suggesting that even after numerous setbacks, success is possible.",2025-09-25 10:17:29
viaje fertilidad experiencias personales foro,https://inebir.com/blog/fecundacion-in-vitro-opiniones/,Fecundación in vitro opiniones reales - Inebir,the importance of the patient-clinic relationship,patients of a specific fertility clinic,"This article from a fertility clinic's website aggregates patient testimonials and reviews to highlight what individuals seek when researching 'IVF opinions'. It underscores the significance of the human and emotional aspects of treatment. The key insight is that beyond medical success rates, patients deeply value feeling heard, respected, and emotionally supported by their clinical team. It reveals that the quality of the patient-provider relationship and a sense of trust are critical components of the fertility journey for many.",2025-09-25 10:17:29
tratando de concebir historias comunidad,https://www.reproduccionasistida.org/foro/apoyo-psicologico-en-un-tratamiento-de-fertilidad/mi-historia-contra-la-infertilidad/,Mi historia contra la infertilidad - Reproducción Asistida ORG,relationship strain,woman in a heterosexual relationship,"The author describes how the goal-oriented process of trying to conceive negatively impacted her marriage. Sex became a scheduled task rather than an expression of intimacy, leading to emotional strain and a feeling of failure that affected her temperament and relationship with her husband. This highlights the emotional toll that infertility can take on a couple's connection and intimacy.",2025-09-25 10:17:50
tratando de concebir historias comunidad,https://www.reddit.com/r/BabyBumps/comments/sxu3ln/%C2%BFme_cuentan_sus_historias_las_que_tardaron_un_poco/,"¿Me cuentan sus historias las que tardaron un poco ""más"" en quedar embarazadas? : r/BabyBumps - Reddit",anxiety and the unknown,woman in her 30s,"The original poster expresses the fear and discouragement that comes with the uncertainty of not knowing what the final outcome of trying to conceive will be, especially when you are in your 30s. This post and its responses highlight the need for hopeful stories and a sense of community to navigate the emotional challenges of a longer-than-expected conception journey.",2025-09-25 10:17:50
tratando de concebir historias comunidad,https://infertilpandy.com/,Infertilpandy: Comunidad de apoyo y ayuda en la infertilidad,community and emotional support,community of people with infertility,"Infertilpandy emphasizes the importance of a support community that is independent and belongs to everyone who participates. The value lies in providing continuous emotional support through social media and in-person meetings, where individuals can share their thoughts, experiences, and feelings. This highlights the power of shared experiences in alleviating the emotional burden of infertility.",2025-09-25 10:17:50
tratando de concebir historias comunidad,https://www.cadanuevolatido.es/intentar-quedarse-embarazada-experiencias,"Intentar quedarse embarazada, experiencias - Cada Nuevo Latido",maintaining relationship joy,couple trying to conceive,"This article shares the perspective of a couple, Annie and Matt, who found that the process of trying to conceive can take the joy out of their relationship by turning it into an overwhelming project. Their key insight is the importance of remembering why they are together and continuing to have fun outside of the conception process, such as going on dates, to preserve the quality of their relationship.",2025-09-25 10:17:50
FIV tratamiento experiencias blog,https://www.dexeus.com/blog/fertilidad/para-afrontar-una-fiv-hay-que-estar-preparada/,"“Para afrontar una FIV, hay que estar preparada” - Blog Dexeus Mujer",emotional and psychological preparation,single woman by choice,"This interview with a neuropsychologist who underwent three IVF cycles to become a single mother highlights the importance of mental and emotional preparedness for the demanding journey of IVF. She emphasizes that many patients abandon treatment due to psychological and emotional reasons, and suggests that lifestyle changes, introspection, and meditation can be powerful tools to manage the stress and negative thoughts associated with the process. Her experience led her to write a book to guide others, stressing that conviction and motivation are the essential energies needed to persevere through the challenges of IVF.",2025-09-25 10:18:16
FIV tratamiento experiencias blog,https://www.accessfertility.com/es/blog/exito-fiv-la-historia-de-rachel-y-dave/,Éxito FIV: La historia de Rachel y Dave - Access Fertility España,postpartum emotional distress,woman in a couple,"This personal story details the traumatic birth experience of a woman after a successful IVF treatment, shedding light on the often-unexpected emotional challenges that can follow fertility struggles. After a difficult delivery, she experienced a surprising emotional disconnect from her baby, feeling like a failure for not being able to conceive, give birth naturally, or even hold her child. A compassionate midwife helped her understand that her feelings were a result of exhaustion and hormonal shifts, a common but rarely discussed experience for new mothers. This highlights the importance of postpartum emotional support.",2025-09-25 10:18:16
FIV tratamiento experiencias blog,https://fertilita.com/blog/testimonios-fiv-en-mexico-historias-reales-de-exito/,Casos de éxito reales: Familias formadas en Fertilità - Fertilita,perseverance despite setbacks,woman over 35,"This testimonial from a 38-year-old woman, who was initially devastated by a failed first IVF attempt, underscores the theme of resilience. Despite the initial failure, she chose to proceed with a second cycle, which resulted in a successful pregnancy. Her story serves as an inspiration for older women and couples who may face initial setbacks in their fertility treatments, demonstrating that persistence can lead to the desired outcome. The clinic framed her experience as 'transformative,' emphasizing the possibility of achieving motherhood even when faced with initial disappointments.",2025-09-25 10:18:16
FIV tratamiento experiencias blog,https://www.urecentrogutenberg.com/blog/nos-cuenta-su-historia-marian-hay-que-seguir-adelante-y-no-tirar-la-toalla/,Nos cuenta su historia: Marian “Hay que seguir adelante y no tirar la toalla” - URE Centro Gutenberg,fear of medical procedures,woman with a history of complications,This interview provides a candid look into the anxieties faced by a patient who had previously suffered from ovarian hyperstimulation. Her greatest fear before undergoing another IVF cycle was the egg retrieval process due to her past traumatic experience. This perspective is crucial as it highlights the specific medical fears and past traumas that can significantly impact a patient's emotional state during fertility treatments. It also emphasizes the importance of a clear explanation of the medical options from the healthcare team to alleviate some of these fears.,2025-09-25 10:18:16
FIV tratamiento experiencias blog,https://www.inebir.com/blog/fecundacion-in-vitro-opiniones/,Fecundación in vitro opiniones reales - Inebir,the importance of human connection in medical care,woman still undergoing treatment,"This blog post from a fertility clinic features a powerful testimonial from a patient who, despite not having yet achieved a successful pregnancy, feels deeply supported by her medical team. When a lump was found in her breast during her second IVF treatment, the team's empathetic and involved response made her feel cared for as a person, not just a patient. Her experience underscores the significance of a clinic's humane approach, and how feeling heard and supported can be as important as the medical treatment itself, especially when the outcome is still uncertain.",2025-09-25 10:18:16
infertilidad impacto salud mental,https://www.reddit.com/r/IVF/comments/1as2j0b/the_toll_of_infertility_on_your_mental_and/,El impacto de la infertilidad en tu salud mental y física. : r/IVF - Reddit,medical trauma and depression,woman with endometriosis undergoing IVF,"This personal account details the severe depression and feelings of failure a woman experienced after her endometriosis diagnosis and during her IVF journey. She expresses the immense mental and physical toll of daily injections, mood swings, and the feeling of being failed by the medical system. Her story highlights the lack of initial mental and physical preparation provided by healthcare professionals for the arduous path of fertility treatments, and the crucial role of a strong support system in overcoming moments of crisis.",2025-09-25 10:18:33
infertilidad impacto salud mental,https://www.elespanol.com/mujer/actualidad/20230609/viaje-emocional-infertilidad-creia-podia-quedar-embarazada/769923239_0.html,"El viaje emocional de la infertilidad: ""Creía que me podía quedar embarazada en cualquier momento"" - El Español",emotional journey and societal taboos,woman undergoing fertility treatment,"This article explores the emotional rollercoaster of infertility, emphasizing the lack of information and the societal taboos surrounding the diagnosis. It highlights how the journey is marked by several delicate moments beyond the initial diagnosis. The piece underscores the importance of emotional support throughout the process of assisted reproduction and the value of sharing experiences to break the silence and isolation that many women and couples feel, helping to minimize feelings of insecurity.",2025-09-25 10:18:33
infertilidad impacto salud mental,https://www.institutobernabeu.com/es/el-estres-y-su-impacto-en-la-infertilidad/,El estrés y su impacto en la infertilidad - Instituto Bernabeu,psychological impact and social pressure,fertility clinic psychologist,"This blog post from a fertility clinic delves into the significant psychological consequences of infertility, comparing the emotional stress to that experienced by oncology patients. It discusses how the pressure to conceive can deteriorate self-esteem, sleep, and relationships. A key insight is the frustration caused by societal minimization of the problem and unhelpful advice like ""just relax."" The article also highlights how the emotional burden intensifies during assisted reproduction treatments due to the fear of failure.",2025-09-25 10:18:33
infertilidad impacto salud mental,https://fenn.cl/grupos-de-apoyo/,Grupos de apoyo - Fundación fënn,community and emotional support,non-profit foundation for infertility support,"This page from a foundation dedicated to infertility support emphasizes the importance of community and shared experiences. It outlines the structure and benefits of their online support groups, which are guided by health professionals. The foundation offers different groups tailored to specific needs, such as the impact on a couple's relationship or dealing with the grief of not having a genetic link to a child. This highlights the need for varied and specialized emotional support systems to address the multifaceted challenges of infertility.",2025-09-25 10:18:33
infertilidad impacto salud mental,https://somosdana.com/blog/impacto-infertilidad-salud-mental/,El impacto de la infertilidad sobre la salud mental - Dana app,emotional distress and isolation,women's health app,"This article compares the levels of depression in people with infertility to those in patients diagnosed with cancer to illustrate the severity of the emotional impact. It points out that for many, infertility is the most distressing experience of their lives, leading to feelings of shame, guilt, and low self-esteem. The post emphasizes that without proper support, these feelings can lead to depression and anxiety, and it also touches on the resulting social isolation that can occur.",2025-09-25 10:18:33
viaje fertilidad me cambió historias,https://www.rtve.es/noticias/20240504/infertilidad-sufrimiento-silencioso-mujeres/1609131.shtml,"Cuando la infertilidad domina tu vida: ""Sufría y lloraba en silencio"" - RTVE.es",emotional and psychological burden,woman experiencing infertility,"This article highlights the silent suffering and the profound emotional and psychological challenge that infertility represents for many women. It delves into feelings of failure, guilt, and the social pressure surrounding motherhood. One of the key insights is how the journey, despite being fraught with stress and fear, can also strengthen a couple's relationship, as articulated by one of the women who states her partner accompanied her to the end of the world for the treatments, making them a stronger couple.",2025-09-25 10:18:56
viaje fertilidad me cambió historias,https://www.institutocefer.com/blog/la-infertilidad-y-el-sentimiento-de-culpa/,La infertilidad y el sentimiento de culpa - Instituto CEFER,feeling of guilt,couple facing infertility,"This blog post specifically addresses the pervasive feeling of guilt that often accompanies an infertility diagnosis, affecting both men and women. It explains how this emotion can lead to self-blame and damage self-esteem. The key insight is the importance of not letting guilt dominate the process, seeking emotional support, and understanding that infertility is a medical condition, not a personal failure. It emphasizes the need for empathy and communication within the couple to navigate these complex feelings together.",2025-09-25 10:18:56
viaje fertilidad me cambió historias,https://www.youtube.com/watch?v=0kpcY8y7nJg,Logró ser Madre Soltera Gracias a la Fecundación in vitro (su experiencia) | Especial Fenin,single motherhood by choice,single woman,"This podcast episode features the story of a woman who chose to become a single mother through IVF. A key insight is her perspective on proactively deciding to pursue motherhood on her own terms after not finding the right partner and facing the biological clock. She shares the process of making that decision, the emotional journey of undergoing fertility treatment alone, the challenges she faced, and the immense joy of finally having her child, offering a narrative of empowerment and deliberate choice in family building.",2025-09-25 10:18:56
viaje fertilidad me cambió historias,https://elpais.com/salud-y-bienestar/2023-07-20/una-de-cada-cinco-mujeres-concibe-de-forma-natural-despues-de-tener-un-bebe-a-traves-de-un-tratamiento-de-fertilidad.html,Una de cada cinco mujeres concibe de forma natural después de tener un bebé a través de un tratamiento de fertilidad - EL PAÍS,unexpected natural conception post-IVF,woman with secondary infertility,"This article presents the surprising and hopeful experience of a woman who, after needing IVF to conceive her first child due to blocked fallopian tubes, went on to have two more children conceived naturally. The key insight is the discussion around 'subfertility' versus 'infertility,' and the medical explanation that pregnancy itself can sometimes resolve certain fertility issues, like improving endometriosis or clearing minor tubal obstructions due to hormonal changes. This provides a perspective of hope and the unpredictability of the human body.",2025-09-25 10:18:56
viaje fertilidad me cambió historias,https://www.elpartoesnuestro.es/blog/mi-historia-de-infertilidad-y-su-proceso,Mi historia de infertilidad y su proceso | El Parto es Nuestro,giving up on treatment and finding another path,woman who stopped fertility treatments,"This personal story offers a less commonly discussed perspective: the decision to stop fertility treatments after several negative attempts. The author describes the process as physically and mentally grueling, feeling like 'livestock' within the medical system. The key insight is the validation of the decision to stop and pursue a different path to parenthood (in her case, adoption, though she eventually conceived naturally). It highlights that there is a limit to what one can endure and that choosing to end treatment is a valid and powerful choice.",2025-09-25 10:18:56
infertilidad inexplicada ansiedad,https://www.proyecto-bebe.es/la-infertilidad-de-origen-desconocido-una-de-las-grandes-desconocidas-en-reproduccion-asistida/,La infertilidad de origen desconocido. Una de las grandes desconocidas en reproducción asistida,emotional impact,woman undergoing fertility treatment,"This blog post provides a detailed and personal account of the frustration and emotional exhaustion that comes with a diagnosis of unexplained infertility. The author describes the feeling of being in a ""no-man's land"" where there is no clear problem to fix, leading to a unique kind of anxiety and a sense of losing control. It highlights the psychological challenge of continuing with treatments without a specific issue to target, and the strain this puts on a person's mental well-being.",2025-09-25 10:19:20
infertilidad inexplicada ansiedad,https://www.enfemenino.com/foro/conversacion/g50098_infertilidad-de-origen-desconocido.html,Infertilidad de origen desconocido,community support,group of women,"This forum thread showcases the power of community for women dealing with unexplained infertility. The participants share their individual stories, offer each other advice, and provide emotional support. A key insight is the shared feeling of isolation that a diagnosis of unexplained infertility can bring, and how connecting with others in the same situation can alleviate some of the anxiety and sadness. It demonstrates a space where women can openly discuss their fears and hopes without judgment.",2025-09-25 10:19:20
infertilidad inexplicada ansiedad,https://www.psimamon.com/blog/2023/11/20/el-impacto-de-la-infertilidad-en-la-salud-mental,El impacto de la infertilidad en la salud mental,mental health,psychologist,"This article, written by a psychologist, offers a professional perspective on the mental health impact of infertility, which is often unexplained. It provides insight into why infertility can lead to anxiety, depression, and a sense of grief. The author explains the psychological mechanisms at play, such as the loss of a desired future and the constant uncertainty. This perspective is valuable for understanding the clinical significance of the emotional struggles described in personal accounts and forums.",2025-09-25 10:19:20
infertilidad inexplicada ansiedad,https://www.reddit.com/r/IVF/comments/1d95wmk/esta_noche_grupo_de_apoyo_gratuito_para_la/,ESTA NOCHE: Grupo de Apoyo Gratuito para la Infertilidad (llamada de audio),seeking support,community organizer,"This Reddit post announces a free audio support group for people dealing with infertility. The key insight here is the proactive step people are taking to create their own support systems. It shows a need for real-time, verbal connection with others who understand the experience. The comments and upvotes indicate a positive response to this initiative, highlighting the importance of accessible, community-driven support in managing the anxiety of the infertility journey.",2025-09-25 10:19:20
infertilidad inexplicada ansiedad,https://www.youtube.com/watch?v=kYJ-eW1d_sM,Mi historia de Infertilidad. Momentos que me rompieron. Momentos que me hicieron más fuerte.,personal journey,woman sharing her story,"This YouTube video provides a raw and emotional first-person narrative of one woman's journey with infertility. By sharing the moments that broke her and made her stronger, she offers a powerful and personal look at the resilience required to navigate this experience. A key insight is the transformative nature of the struggle, and how it can lead to personal growth and a re-evaluation of life's priorities. This format offers a different, more intimate way of understanding the emotional rollercoaster of infertility and anxiety.",2025-09-25 10:19:20
pruebas fertilidad experiencias,https://www.reddit.com/r/TryingForABaby/comments/442jg2/fertility_testing_process_my_experience/,Proceso de pruebas de fertilidad - mi experiencia : r/TryingForABaby - Reddit,medical anxiety,woman undergoing fertility testing with her partner,"This Reddit post provides a detailed, step-by-step account of the fertility testing process from a patient's perspective. The author shares her anxiety and the emotional stress of wanting to be in control in a situation with much uncertainty. It highlights the importance of finding a supportive doctor who doesn't dismiss concerns, even when a couple hasn't been trying to conceive for a very long time. The post is a valuable resource for those anticipating their first fertility workup, offering a candid look at the procedures and the emotional rollercoaster involved.",2025-09-25 10:19:43
pruebas fertilidad experiencias,https://www.mumities.com/8-historias-reales-de-mamas-con-infertilidad/,8 historias reales de mamás con infertilidad - mumities,emotional struggle,various women's experiences with infertility,"This blog post compiles eight different real-life stories of women who have faced infertility, showcasing a variety of diagnoses and paths to motherhood, including IVF and unexplained infertility. It emphasizes the emotional toll of the journey, including feelings of frustration, sadness, and envy. A key takeaway is the importance of seeking help early and the power of shared experiences to feel less alone. The article also touches upon how infertility can affect a couple's relationship and the importance of mutual support.",2025-09-25 10:19:43
pruebas fertilidad experiencias,https://www.foro.inebir.com/foro/tema/dudas-y-miedos-tras-la-betaespera/,ANTIGUO FORO INEBIR – Página 1302,community support,woman seeking advice and sharing her experience in a fertility forum,"This forum thread exemplifies the crucial role of online communities in the fertility journey. A user shares her specific situation after fertility treatment and receives support and information from others who have gone through similar experiences. It highlights the collaborative nature of these forums, where individuals share knowledge about clinics, procedures, and emotional coping mechanisms. The post demonstrates how these spaces become a vital source of comfort and practical advice, especially when dealing with the anxieties of waiting for test results.",2025-09-25 10:19:43
pruebas fertilidad experiencias,https://barcelonaivf.com/es/blog/experiencias-reales-decidi-que-perseguiria-mi-sueno-de-ser-madre-aunque-fuera-en-solitario/,"Experiencias reales: “Decidí que perseguiría mi sueño de ser madre, aunque fuera en solitario” | Barcelona IVF",alternative paths to motherhood,single woman by choice,This article presents the powerful story of a woman who decides to pursue motherhood on her own after not finding the right partner. It details her journey through multiple failed IVF treatments and the eventual success with embryo donation. The key insight is the destigmatization of single motherhood by choice and the emotional strength it takes to embark on this path. It highlights the intense feelings of frustration and hope that accompany fertility treatments and the ultimate joy and relief when the dream of motherhood is realized.,2025-09-25 10:19:43
clínica fertilidad paciente historias,https://www.reproduccionasistida.org/la-historia-de-carmen/,La historia de Carmen - Reproducción Asistida ORG,emotional struggle,woman facing infertility,"This is a personal and emotional account of a woman named Carmen who shares her journey through infertility. The story highlights the emotional rollercoaster, the feeling of injustice ('¿Por qué a nosotros?'), and the strain it can put on an individual and a couple. It provides a raw and honest look at the grief and loss associated with failed attempts and the immense joy and disbelief of a final positive result, emphasizing the importance of mutual support with her partner.",2025-09-25 10:20:06
clínica fertilidad paciente historias,https://www.barcelonaivf.com/blog/experiencias-reales-decidi-perseguiria-sueno-madre-aunque-fuera-solitario/,"Experiencias reales: “Decidí que perseguiría mi sueño de ser madre, aunque fuera en solitario” | Barcelona IVF",single motherhood by choice,single woman,"This article presents the story of a woman who decides to become a single mother through assisted reproduction. It addresses the emotional challenges of facing infertility alone, including feelings of frustration, anger, sadness, and envy towards pregnant women. Her journey involved multiple failed IVF treatments, which intensified her emotional pain. Ultimately, she found success with embryo donation at a new clinic, highlighting the resilience required and the specific challenges and decisions faced by single women pursuing motherhood.",2025-09-25 10:20:06
clínica fertilidad paciente historias,https://www.reddit.com/r/IVF/comments/1bd627g/mi_experiencia_con_la_fiv_en_m%C3%A9xico/,Mi experiencia con la FIV en México : r/IVF - Reddit,financial burden,woman seeking affordable treatment abroad,"This extensive Reddit post details the author's decision to pursue IVF in Mexico due to the high costs in the United States. The author provides a transparent account of the financial motivations, estimating that a single round of IVF in the U.S. would have cost between $30,000 and $40,000. This perspective sheds light on the growing trend of medical tourism for fertility treatments and the practical and emotional considerations of seeking care in a different country, from initial research to the treatment process itself.",2025-09-25 10:20:06
clínica fertilidad paciente historias,https://www.hegoafisioterapia.com/la-infertilidad-relatos-y-experiencias-personales-i/,La Infertilidad: Relatos y Experiencias Personales (I) - Hegoa fisioterapia,relationship strain,couple's perspective,"This blog post shares the story of a couple and their journey through infertility, which began a year after getting married. It highlights how the desire to have a child can shift from a shared dream to an obsession, leading to feelings of demoralization and exhaustion, especially after failed IVF-ICSI attempts. The narrative emphasizes the supportive role of the male partner in sustaining his wife through the emotional turmoil, illustrating the significant impact that infertility can have on a couple's relationship and the importance of mutual support.",2025-09-25 10:20:06
clínica fertilidad paciente historias,https://www.redinfertiles.com/,Red Infertiles | Asociación Red Nacional Infértiles.,community and support,patient support group,"This website is for a national network of infertile patients, created by women who met online while struggling with infertility. It represents the crucial role of community and shared experience in navigating the challenges of fertility treatments. The site offers resources, discounts with clinics, and a sense of belonging, emphasizing the message ""NO ESTÁS SOLA"" (You are not alone). This provides insight into the power of peer support and collective action in coping with the emotional and practical aspects of infertility.",2025-09-25 10:20:06
cuando empezar FIV experiencias,https://www.reproduccionasistida.org/foro/tema/comenzando-con-fiv-experiencias-y-consejos/,Comenzando con FIV: experiencias y consejos - Reproducción Asistida ORG,community support and information seeking,woman about to start IVF,"This forum thread is initiated by a woman scheduled to begin IVF in the near future. She is proactively seeking both positive and negative experiences from the community to understand what to expect. This represents the initial stage of the journey, where individuals turn to peer groups for practical advice, emotional preparation, and a sense of shared experience before the medical process even begins. The responses provide a support network and a realistic preview of the process.",2025-09-25 10:20:42
cuando empezar FIV experiencias,https://www.youtube.com/watch?v=F_SPhYp9Qs8,¿CÓMO ME QUEDÉ EMBARAZADA? Mi Experiencia con FIV | MADRE SOLTERA,single parenthood journey,single woman by choice,"This video provides the perspective of a woman who decided to become a single mother and chose IVF to achieve her goal. She details her personal timeline, the medical reasons for choosing IVF over other methods (low ovarian reserve), and the emotional process of making this life-changing decision on her own. It highlights that the decision to start IVF is not always linked to partnership or infertility within a couple, but can also be a proactive choice for family planning.",2025-09-25 10:20:42
cuando empezar FIV experiencias,https://www.reddit.com/r/IVF/comments/1e5prfi/when_should_we_start_ivf/,¿Cuándo deberíamos empezar con la FIV? : r/IVF,medical decision-making and doubt,woman in a couple after long-term trying,"This Reddit post captures the moment of hesitation and uncertainty after 24 unsuccessful cycles of trying to conceive naturally. The user is weighing her doctor's recommendation to proceed directly to ICSI (a form of IVF) against the desire to try less invasive options. The responses from the community provide a range of advice, from trusting the doctor's opinion to exploring intermediate steps, reflecting the complex decision-making process and the emotional weight of moving towards a significant medical intervention like IVF.",2025-09-25 10:20:42
cuando empezar FIV experiencias,https://www.beztierno.com/mi-historia-infertil/,Mi Historia infértil - Beatriz Tierno,navigating complex diagnoses,woman with multiple failed cycles and dual infertility factors,"This personal blog post offers a detailed, retrospective look at a long and complicated fertility journey involving both male and female infertility factors (low ovarian reserve and seminal infection). The author shares the frustration of failed treatments, the experience of navigating both private and public healthcare systems, and the emotional toll of unexpected complications. It provides insight into how the decision of when to start (or restart) IVF is often reactive, driven by previous failures and the search for a better medical approach.",2025-09-25 10:20:42
cuando empezar FIV experiencias,https://ivi.es/blog/historias-reales-reproduccion-asistida/,"Historias reales de reproducción asistida: ser madre, todo llega - IVI",retrospective success story,woman who is now a mother via IVF,"This blog post, hosted by a fertility clinic, shares a success story from a woman named Mariola. She recounts the emotional strain of the process, the feeling of desperation when cycles were cancelled, and the difficult conversations with family. However, the overarching theme is one of hope and perseverance. This perspective is from someone who has completed the journey and is looking back, providing encouragement to those just starting. It emphasizes the emotional rollercoaster but frames it within a successful outcome, showing the positive end-result that motivates people to begin.",2025-09-25 10:20:42
congelación óvulos decisión historias,https://www.infobae.com/virales/2024/01/28/explico-por-que-congelo-ovulos-a-los-26-anos-y-su-testimonio-se-hizo-viral-son-10-dias-que-te-pueden-cambiar-el-futuro/,Explicó por qué congeló óvulos a los 26 años y su testimonio se hizo viral: “Son 10 días que te pueden cambiar el futuro” - Infobae,proactive health decision,young single woman,"A 26-year-old influencer's testimony went viral after she shared her experience of freezing her eggs. Her decision was prompted by a low ovarian reserve test result. She emphasizes the importance of being informed to make decisions according to one's personal situation. Despite initial fears due to a lack of knowledge about the process, she is happy with her decision, viewing it as a life-changing ten-day process that provides future options.",2025-09-25 10:21:06
congelación óvulos decisión historias,https://www.clarin.com/entremujeres/bienestar/congelar-ovulos-experiencia-en-primera-persona-y-lo-que-debes-saber_0_L-k5l-YJ2.html,Congelar óvulos: experiencia en primera persona y lo que debés saber - Clarin.com,medical complications,woman who experienced complications,"This article shares the stories of two public figures who experienced serious medical complications, including internal bleeding and a severe ovarian infection, after undergoing egg freezing procedures. While specialists assert that such complications are rare (around 1 in 1000 patients), these firsthand accounts highlight the potential physical risks and pain involved in the process. It underscores the importance of being aware of the potential for adverse outcomes and listening to one's body after the procedure.",2025-09-25 10:21:06
congelación óvulos decisión historias,https://elpais.com/salud-y-bienestar/2023-09-18/turismo-de-sol-y-ovulos-espana-se-convierte-en-la-meca-de-la-vitrificacion-de-ovocitos.html,Turismo de sol y óvulos: España se convierte en la meca de la vitrificación de ovocitos | Salud y bienestar | EL PAÍS,financial burden,American woman seeking affordable treatment,"This article highlights the phenomenon of 'fertility tourism,' focusing on an American woman who, facing a cost of $20,000 in Texas, chose to travel to Spain to freeze her eggs for about 4,000 euros. Her story illustrates the significant financial barrier the procedure represents in some countries and how Spain has become a popular destination due to its lower costs and reputable clinics. This perspective brings to light the economic disparity in access to fertility preservation.",2025-09-25 10:21:06
congelación óvulos decisión historias,https://www.reddit.com/r/eggfreezing/comments/17uxhmn/si_no_estabas_segura_c%C3%B3mo_decidiste_congelar/,"Si no estabas segura, ¿cómo decidiste congelar tus óvulos? : r/eggfreezing - Reddit",indecision and regret,single woman in her late 30s,"In this Reddit forum, a 39-year-old single woman expresses regret for not freezing her eggs earlier. She reflects on how, being in a relationship in her early 30s, she didn't consider it, but now faces the prospect of multiple, costly cycles. Other users in the thread echo this sentiment, discussing how the desire for children can change with age and relationship status. The conversation provides a candid look at the emotional complexity of the decision, especially for those who are uncertain about future motherhood.",2025-09-25 10:21:06
congelación óvulos decisión historias,https://www.latetera.com/wp-content/uploads/2022/12/Congelar-ovulos-no-siempre-funciona-como-esperamos-La-Tercera.pdf,Congelar óvulos no siempre funciona como esperamos - La Tercera,managing expectations,woman with frustrating results,"This article features an illustrator who decided to freeze her eggs at 35 to pause the pressure of the 'biological clock,' only to find the experience made her more aware of it. Her results were not what she had hoped for, leading to feelings of frustration and disappointment with her body. The story serves as a cautionary tale about the high expectations placed on the procedure, emphasizing that egg freezing is not a guaranteed solution but a chance, and that the outcome can be emotionally challenging when it doesn't meet expectations.",2025-09-25 10:21:06
grupo apoyo fertilidad útil,https://www.reproduccionasistida.org/foro/grupo-de-whatsapp-para-apoyo-a-la-infertilidad/,Grupo de whatsapp para apoyo a la infertilidad - Reproducción Asistida ORG,community and immediate support,woman seeking connection,"This forum post highlights the need for immediate and informal support networks, like a WhatsApp group, for women undergoing fertility treatments. It shows a proactive approach from patients to create their own spaces for sharing experiences and providing mutual encouragement in real-time, outside of formal medical or psychological settings. The desire to connect with others in the exact same phase of treatment (in this case, the fourth IVF stimulation) underscores the specific and timely nature of the support needed.",2025-09-25 10:21:28
grupo apoyo fertilidad útil,https://www.animalpolitico.com/salud/colectivo-in-fertil-mujeres-crean-manual-grupo-apoyo-reproduccion-asistida,Colectivo In-fértil: mujeres crean manual y grupo de apoyo para reproducción asistida,patient advocacy and empowerment,women who have completed treatment,"This article showcases the perspective of women who, after navigating the difficult and often traumatic path of assisted reproduction, have created a support collective called 'In-fértil.' Their goal is to empower other women by providing a manual and a support network. This demonstrates a shift from being a patient to becoming an advocate, driven by personal negative experiences with medical procedures and a lack of emotional support. The key insight is the transformation of personal struggle into a structured resource to help others have a healthier and more informed experience.",2025-09-25 10:21:28
grupo apoyo fertilidad útil,https://asociacion-redinfertiles.org/experiencias-personales/,Experiencias personales Archivado en - Asociación Red Nacional Infértiles.,shared emotional journey,couple experiencing infertility,"This blog post from a national infertility association shares a personal story, emphasizing that infertility is a journey for the couple. The narrative of 'I am also a warrior... this is a matter of two (my husband and I)' provides a key insight into the importance of partnership and mutual support. It highlights how sharing personal experiences, even with acquaintances, can be incredibly helpful and validating for others on a similar path. The focus is on the emotional strength derived from facing the struggle together.",2025-09-25 10:21:28
grupo apoyo fertilidad útil,https://hegoafisioterapia.com/la-infertilidad-relatos-y-experiencias-personales-i/,La Infertilidad: Relatos y Experiencias Personales (I) - Hegoa fisioterapia,relationship strain and obsession,woman in a couple struggling to conceive,"This personal account provides a raw look at the emotional toll of infertility, describing how the desire for a child can become an obsession that puts life on hold. The author speaks of feeling 'stuck' while others' lives moved forward and the pain of seeing others get pregnant easily. A key insight is the acknowledgment of how this obsession impacts the relationship, with the partner needing to support both himself and her. The story also highlights the importance of the partner's unconditional support in navigating the immense emotional challenges.",2025-09-25 10:21:28
comunidad fertilidad online experiencias,https://www.ivi.es/foro/fertilidad-y-reproduccion-asistida/dudas-generales/charla-para-las-que-estamos-en-betaespera/,Charla para las que estamos en betaespera - Foro de Infertilidad,anxiety during treatment,woman in the 'two-week wait',"This forum thread captures the specific, day-by-day anxiety and shared hope of women during the 'betaespera,' the two-week period after an embryo transfer. It provides a raw, real-time look into the emotional rollercoaster of this phase, where women minutely track symptoms, offer each other encouragement, and share the intense vulnerability of waiting for a pregnancy test result. It highlights the need for a space to share these very specific anxieties with others who truly understand the stakes.",2025-09-25 10:21:57
comunidad fertilidad online experiencias,https://www.reddit.com/r/IVF/comments/1b7p79a/spanish_speaking_ivf_community/,Spanish speaking IVF community?,search for community,Spanish-speaker seeking culturally relevant support,"This Reddit post reveals a significant gap in online support: the difficulty for Spanish speakers to find dedicated fertility communities within large, English-dominated platforms like Reddit. The author's explicit search for a 'comunidad de IVF en español' underscores the need for linguistically and culturally specific spaces. It shows that even with global online resources, there's a strong desire for connection with others who share a common language and cultural context during the isolating experience of fertility treatments.",2025-09-25 10:21:57
comunidad fertilidad online experiencias,https://maternidadfacil.com/el-poder-de-la-tribu-grupos-de-apoyo-en-infertilidad/,El poder de la tribu: grupos de apoyo en infertilidad,value of shared experience,fertility blogger/advocate,"This blog post articulates the profound sense of isolation that accompanies infertility and champions the role of support groups, or 'tribes,' as an antidote. The author emphasizes that these communities are a vital source of non-judgmental understanding that friends and family often cannot provide. The key insight is the framing of these groups not just as a place for comfort, but as an essential tool for emotional survival, providing a space to share fears, celebrate small victories, and feel 'normal' in an experience that is often deeply alienating.",2025-09-25 10:21:57
comunidad fertilidad online experiencias,https://www.infertilidad.com/foros/tema/2953_1-busco-mujeres-en-mi-misma-situacion,Busco mujeres en mi misma situacion - Foros de Infertilidad,proactive search for connection,woman with specific diagnosis (low ovarian reserve),"This forum post is a direct and heartfelt plea for connection from a woman feeling isolated by her specific diagnosis ('baja reserva ovárica'). It demonstrates the proactive nature of building online support networks when faced with a lonely journey. The key insight is how individuals use these platforms not just to find general support, but to seek out others with the exact same medical challenges. This allows for a more tailored exchange of information, experiences with treatments, and a deeper level of empathy and understanding.",2025-09-25 10:21:57
comunidad fertilidad online experiencias,https://es.resolve.org/enlaces-de-apoyo/grupos-de-apoyo/,Grupos de apoyo | RESOLVE: La Asociación Nacional de Infertilidad,structured support systems,non-profit advocacy organization,"This page from RESOLVE, a major US-based infertility organization, showcases a more formalized and structured approach to community support. It contrasts with informal forums by offering professionally-led or peer-led but organizationally-vetted support groups, including options for Spanish speakers ('Grupo de Apoyo de Pares en Español'). The key insight is the existence of a different model of community—one that is curated and facilitated by a trusted organization, which may appeal to individuals seeking a more structured or moderated support environment than open forums.",2025-09-25 10:21:57
tratamiento fertilidad costos realidad,https://www.reddit.com/r/IVF/comments/16k2anc/what_was_the_cost_of_your_ivf/,¿Cuál fue el costo de tu FIV? : r/IVF - Reddit,financial burden,person undergoing IVF in Spain,"This Reddit comment provides a concise and direct breakdown of the costs for a private, 'quite luxurious' IVF clinic in Spain, totaling around €6,000-€7,000, excluding PGT testing. Another user in a different country details their lower cost of approximately $4,500, itemizing expenses for the cycle without medication, the medication itself, additional procedures like a hysteroscopy, and genetic testing per embryo. This highlights the significant international variance in fertility treatment costs and the specific factors that contribute to the total price.",2025-09-25 10:22:21
tratamiento fertilidad costos realidad,https://www.youtube.com/watch?v=F55YK22w3y8,¿Que tan costoso es un tratamiento de fertilidad? | Dra. Katy - YouTube,medical and ethical considerations,fertility doctor,"A fertility specialist from a clinic in Metepec, Mexico, discusses the high costs of treatments like IVF, stating a price of $110,000 MXN at her clinic, which includes medications—a detail she notes may differ elsewhere. The doctor emphasizes that the cost isn't just financial but also psychological. She urges patients to consider the ethical aspects of treatment, the importance of a clear diagnosis, and understanding success probabilities, advising against viewing the process as simply 'buying an embryo' and stressing the need for a transparent and supportive doctor-patient relationship.",2025-09-25 10:22:21
tratamiento fertilidad costos realidad,https://www.fundacionfenn.org/grupos-de-apoyo/,Grupos de apoyo - Fundación fënn,mental health and community support,fertility support foundation,"This page from a foundation highlights the severe emotional and psychological toll of infertility, comparing the stress to that of cancer or heart disease patients. It explains the critical need for and benefits of professionally guided online support groups. The foundation offers various themed groups, such as dealing with the impact of infertility on a couple's relationship and navigating difficult dates like Mother's Day. This provides insight into the structured emotional support systems available to help individuals and couples cope with the mental health challenges of fertility treatments.",2025-09-25 10:22:21
FIV carga financiera historias,https://www.newtral.es/tasas-de-exito-y-fracaso-de-la-reproduccion-asistida-ninguna-clinica-puede-asegurarte-que-tendras-un-hijo/20200202/,Tasas de éxito y fracaso de la reproducción asistida: ninguna clínica puede asegurarte que tendrás un hijo - Newtral,financial burden,couple facing infertility,"This article highlights the significant financial debt that can result from multiple failed IVF cycles. It tells the story of a couple who spent 30,000 euros on treatments, including a loan they are still paying off. This perspective underscores the immense financial pressure and the difficult reality that even with substantial investment, success is not guaranteed, adding a layer of financial despair to the emotional toll of infertility.",2025-09-25 10:22:45
FIV carga financiera historias,https://www.reproduccionasistida.org/foro/fecundacion-in-vitro/fiv-treintaneras-experiencia-perspectivas/,Fiv treintañeras experiencia/ perspectivas - Reproducción Asistida ORG,emotional and financial exhaustion,woman in her 30s,"This forum discussion provides a raw, unfiltered look at the cumulative effect of multiple IVF failures. One user explicitly mentions that for those who have been trying for a long time, the economic and emotional exhaustion is terrible. This highlights the ongoing, draining nature of the financial burden, not as a single event, but as a prolonged stressor that impacts mental well-being alongside the physical and emotional challenges of the treatment itself.",2025-09-25 10:22:45
FIV carga financiera historias,https://www.reproduccionasistida.org/mi-exito-con-la-fiv/,Mi éxito con la FIV - Reproducción Asistida ORG,financial sacrifice for treatment,woman sharing her success story,"This personal story, while ultimately a success, directly addresses the financial sacrifices required for IVF. The author recounts having to sell their car to afford the treatment, illustrating the concrete and significant life changes people make to pursue their dream of parenthood. This perspective is powerful because it frames the financial burden as a deliberate, and in this case, worthwhile sacrifice, offering a different emotional tone than stories of debt from failed cycles.",2025-09-25 10:22:45
FIV carga financiera historias,https://www.reddit.com/r/IVF/comments/1c3l1a4/choosing_an_ivf_clinic_why_we_didnt_choose_spain/,Elegir una clínica de FIV: Por qué no elegimos España y nuestra experiencia en el extranjero : r/IVF - Reddit,financial decision-making,individual/couple comparing international clinics,"This Reddit post offers a unique perspective on the proactive financial planning and comparison involved in choosing an IVF clinic. The author details their process of comparing costs and payment structures between clinics in Spain and another country. This provides insight into how the financial burden of IVF is not just about affording the treatment, but also about the complex decision-making process of finding a trustworthy and transparent clinic to minimize financial risks and uncertainties.",2025-09-25 10:22:45
FIV carga financiera historias,https://www.ivi-fertility.com/es/blog/historias-reales-reproduccion-asistida-ser-madre/,"Historias reales de reproducción asistida: ser madre, todo llega - IVI",emotional strain,woman with PCOS,"While not explicitly focused on the financial cost, this personal story from a clinic's blog delves deep into the emotional toll of infertility and repeated treatment failures. It describes the desperation, the strain on relationships with family and friends, and the feeling of being overwhelmed by unsolicited advice. This perspective is crucial as it illustrates that the 'cost' of IVF is not just monetary; the emotional and psychological burden can be just as, if not more, significant for individuals and couples.",2025-09-25 10:22:45
viaje fertilidad impacto matrimonio,https://www.reproduccionasistida.org/foro/mi-historia-contra-la-infertilidad/,Mi historia contra la infertilidad - Reproducción Asistida ORG,relationship strain,woman in a couple,"El testimonio describe el agotamiento emocional y la tendencia a culparse mutuamente que surgió en la pareja ante la incapacidad de concebir. La narradora expresa la desesperación por no encontrar respuestas y cómo, tras cansarse de la dinámica de reproches, ambos decidieron tener una conversación sincera para buscar juntos una solución. Esto resalta un punto de inflexión crucial en muchas parejas: pasar de la culpa individual a un enfoque de equipo para enfrentar el problema, siendo este un paso fundamental para la supervivencia de la relación durante el proceso de fertilidad.",2025-09-25 10:23:17
viaje fertilidad impacto matrimonio,https://es.babycenter.com/thread/1359013/ma%C3%B1ana-empiezo-mi-tratamiento-de-fertilidad,mañana empiezo mi tratamiento de fertilidad | BabyCenter,anxiety and hope,woman starting treatment,"Esta publicación en un foro captura el momento preciso del inicio de un tratamiento de fertilidad, reflejando una mezcla de nerviosismo y esperanza. La autora se presenta como nueva en el foro, buscando una comunidad con la cual compartir la experiencia que está a punto de comenzar junto a su esposo. La brevedad del mensaje encapsula la ansiedad ante lo desconocido y la necesidad de encontrar apoyo en otras personas que estén pasando por lo mismo, mostrando cómo la búsqueda de comunidad es uno de los primeros pasos para sobrellevar el impacto emocional del viaje de la fertilidad.",2025-09-25 10:23:17
viaje fertilidad impacto matrimonio,https://malasmadres.com/cuando-los-hijos-no-llegan-la-infertilidad-desde-la-experiencia-de-una-buenahija/,¿Qué pasa cuando los hijos no llegan? - Club de Malasmadres,breaking point and difficult decisions,woman post-treatment,"Este comentario dentro de un blog revela uno de los desenlaces más dolorosos: el divorcio post-tratamiento. Una mujer narra cómo, tras un largo y costoso proceso que culminó en un embarazo por ovodonación, su esposo le pidió el divorcio argumentando que deseaba un hijo con sus propios genes. Esta perspectiva es crucial porque ilustra cómo el viaje de la fertilidad puede transformar fundamentalmente los deseos y expectativas de cada miembro de la pareja, llevando a crisis existenciales y a la disolución del matrimonio, incluso cuando el objetivo del embarazo se ha logrado.",2025-09-25 10:23:17
viaje fertilidad impacto matrimonio,https://carolinamora.uy/problematicas-de-fertilidad-cuando-la-espera-se-vuelve-amarga/,Problemáticas de fertilidad: cuando la espera se vuelve amarga | - Carolina Mora,emotional and physical burden,psychological perspective on the woman's experience,"Este artículo de blog, escrito desde una perspectiva psicológica, profundiza en la carga física y emocional que los tratamientos de fertilidad imponen, especialmente en la mujer. Describe cómo el proceso médico interviene e invade el cuerpo, generando un costo emocional significativo. Se destacan sentimientos como el miedo, el dolor ante cada intento fallido y una ""inmensa culpa"" por no poder cumplir con el rol socialmente asignado. Esta reflexión es valiosa porque articula el impacto somático y psicológico, explicando por qué la experiencia es tan abrumadora a nivel individual, lo que inevitablemente repercute en la dinámica de la pareja.",2025-09-25 10:23:17
viaje fertilidad impacto matrimonio,https://www.reproduccionasistida.org/foro/tema/primera-ia-febrero-2024/,Primera IA febrero 2024 - Reproducción Asistida ORG,shared stress and uncertainty,woman in a couple during treatment,"Una participante en un foro de fertilidad describe el estrés y la incertidumbre compartidos con su esposo mientras esperan el resultado de una inseminación artificial. Relata cómo realizaron una prueba de embarazo casera que resultó inválida, aumentando su ansiedad. Esta experiencia pone de manifiesto cómo los pequeños eventos y las esperas dentro del tratamiento se convierten en momentos de alta tensión para la pareja. La necesidad de descifrar juntos cada paso y cada posible señal, como una prueba defectuosa, ilustra la montaña rusa emocional que las parejas atraviesan de manera conjunta durante todo el proceso.",2025-09-25 10:23:17
pareja apoyo tratamiento fertilidad,https://www.rtve.es/noticias/20240504/infertilidad-domina-vida-sufria-lloraba-silencio/1609366.shtml,"Cuando la infertilidad domina tu vida: ""Sufría y lloraba en silencio"" - RTVE.es",emotional burden and relationship strengthening,woman undergoing fertility treatment,"This article provides the personal testimony of a woman who felt her life was overshadowed by the goal of becoming pregnant. She describes feelings of frustration and loneliness, thinking she was the only one with fertility problems. A key insight is how, despite the immense personal suffering, the shared struggle and her partner's unwavering support ultimately strengthened their relationship, making them a stronger couple.",2025-09-25 10:23:43
pareja apoyo tratamiento fertilidad,https://ginefiv.com/blog/como-afecta-la-infertilidad-a-la-sexualidad-de-la-pareja/,¿Cómo afecta la infertilidad a la sexualidad de la pareja? | Ginefiv España,relationship strain,couple's shared experience,"This article explores the negative impact of infertility on a couple's sexual relationship. It highlights how the pressure of planned intercourse and constant medical tests can lead to a loss of pleasure and intimacy. The unique insight is the transformation of ""making love"" into ""making babies,"" which becomes a painful reminder of their difficulties, potentially leading to disconnection and feelings of guilt or inadequacy, which affects their eroticism and overall bond.",2025-09-25 10:23:43
pareja apoyo tratamiento fertilidad,https://www.youtube.com/watch?v=kDFJd823-7w,Infértil: nuestro intento por ser padres - YouTube,medical process and shared experience,couple (journalist and her husband),"This BBC Mundo documentary provides a raw, first-person account of a couple undergoing an IVF treatment. It offers a unique visual and narrative insight into the practical and emotional realities of the process, from the daily hormone injections administered by the husband to the tension of waiting for results. It demystifies the clinical aspects while emphasizing the shared, often stressful, journey and the importance of mutual support through each step of the demanding medical procedure.",2025-09-25 10:23:43
pareja apoyo tratamiento fertilidad,https://www.reddit.com/r/pregnant/comments/1ct2k6m/my_wife_is_pregnant_and_angry/,¡Mi esposa está embarazada y ENFADADA! : r/pregnant - Reddit,post-treatment emotional challenges,male partner,"This Reddit thread offers a rare perspective from a husband whose wife is pregnant after a successful IVF treatment but is experiencing significant anger and emotional distress. The key insight is that the emotional challenges do not necessarily end with a positive pregnancy test. It shows the partner's struggle to understand and cope with his wife's unexpected emotional state, highlighting the lingering anxiety and stress from the fertility journey, even after achieving the desired outcome.",2025-09-25 10:23:43
pareja apoyo tratamiento fertilidad,https://hegoafisioterapia.com/la-infertilidad-relatos-y-experiencias-personales-ii/,La Infertilidad: Relatos y Experiencias Personales (II) - Hegoa fisioterapia,long-term struggle and resilience,woman in a couple,"This blog post shares several personal stories, with one standing out for its depiction of a nearly four-year journey to conceive. The couple faced initial dismissal from doctors who told them to ""just relax,"" before navigating both public and private healthcare systems. This account provides insight into the prolonged nature of fertility struggles, the frustration with medical professionals, and the immense resilience required as a couple to persist through multiple treatments and the emotional rollercoaster of hope and disappointment over several years.",2025-09-25 10:23:43
aborto espontáneo apoyo historias,https://www.bbc.com/mundo/noticias-48529737,Aborto espontáneo: el relato de 3 mujeres que perdieron su embarazo y cómo lo superaron - BBC News Mundo,Superación del duelo,Mujeres que han sufrido un aborto espontáneo,"Este artículo de la BBC presenta los testimonios de tres mujeres que han experimentado un aborto espontáneo. A través de sus historias, se exploran las diferentes formas de afrontar el duelo y el proceso de superación. Se destaca la importancia de hablar sobre la pérdida para romper el tabú y encontrar apoyo emocional, mostrando que no hay una única manera correcta de vivir o superar esta experiencia.",2025-09-25 10:24:09
aborto espontáneo apoyo historias,https://www.hacerfamilia.com/embarazo/aborto-espontaneo-consejos-testimonios-ayudaran-20180227122114.html,¿Aborto espontáneo? Estos consejos y testimonios te ayudarán,Búsqueda de apoyo y consejos prácticos,Mujeres buscando y ofreciendo apoyo,"Este artículo se enfoca en ofrecer consejos prácticos y apoyo emocional a mujeres que han sufrido un aborto espontáneo. A través de testimonios, se busca normalizar la experiencia y ofrecer consuelo, haciendo hincapié en que no están solas. El enfoque principal es la recuperación, tanto física como emocional, y proporciona recursos y palabras de aliento para ayudar a las mujeres a transitar este difícil momento.",2025-09-25 10:24:09
aborto espontáneo apoyo historias,https://www.eldiario.es/consumoclaro/cuidate/superar-aborto-espontaneo-duelo-silencioso-miles-mujeres-ano-espana_1_2984039.html,Superar un aborto espontáneo: el duelo silencioso de miles de mujeres cada año en España,El duelo silencioso y el tabú social,Perspectiva social y de mujeres afectadas,"Este artículo de eldiario.es pone el foco en el concepto del 'duelo silencioso' que a menudo acompaña al aborto espontáneo. Se explora cómo la sociedad tiende a minimizar esta pérdida, dejando a las mujeres sin un espacio para expresar su dolor. A través de testimonios y la opinión de expertos, se analiza el impacto psicológico de este silencio y la importancia de validar y reconocer el duelo para una adecuada recuperación emocional.",2025-09-25 10:24:09
aborto espontáneo apoyo historias,https://diariodeunamamapediatra.com/mi-historia-de-aborto-espontaneo-y-como-lo-supere/,Mi historia de aborto espontáneo y cómo lo superé,Experiencia personal y resiliencia,Una madre y pediatra,"La autora, que es además pediatra, comparte su propia historia de aborto espontáneo, ofreciendo una perspectiva íntima y personal. Narra el proceso desde el diagnóstico hasta la superación, destacando los sentimientos de culpa, soledad y la eventual aceptación. Su relato es un testimonio de resiliencia y ofrece una visión esperanzadora, mostrando cómo transformó su dolor en un deseo de ayudar a otras mujeres que pasan por la misma situación.",2025-09-25 10:24:09
aborto espontáneo apoyo historias,https://www.crecerfeliz.es/embarazo/perder-al-bebe/a35894379/aborto-espontaneo-carta-bebe-estrella/,Carta a mi bebé estrella: el aborto espontáneo que sufrí,Procesamiento del dolor a través de la escritura,Una madre en duelo,"Este es un recurso profundamente personal y emotivo, presentado en forma de carta de una madre a su bebé no nacido. La autora utiliza la escritura como una herramienta para procesar su duelo, expresar su amor y despedirse. Ofrece una visión muy íntima del vínculo que se puede formar con un bebé durante el embarazo, por corto que sea, y del profundo dolor que su pérdida puede causar. Es un testimonio de amor y pérdida que puede ser muy valioso para otras personas que han vivido una experiencia similar.",2025-09-25 10:24:09
pérdida embarazo comunidad,https://umamanita.es/testimonios-de-madres-y-padres-tras-perdida-de-bebe/,Testimonios de Madres y Padres tras Pérdida de Bebé - Umamanita,community grief and healing,"mothers, fathers, and family members","Esta página ofrece un espacio de apoyo sin juicios para que madres, padres y otros familiares compartan sus experiencias personales de duelo tras la pérdida de un bebé. Los testimonios cubren una amplia gama de situaciones, incluyendo la muerte intrauterina, la muerte neonatal y la interrupción por motivos médicos. El acto de compartir historias se presenta como una herramienta tanto para la sanación personal como para ayudar a otros que atraviesan un dolor similar.",2025-09-25 10:24:30
pérdida embarazo comunidad,https://www.girlygirlmagazine.com/post/historias-de-pérdida-gestacional,HISTORIAS DE PÉRDIDA GESTACIONAL - Girly Girl Magazine,the silent grief,women who have experienced pregnancy loss,"Este artículo de una revista en línea recopila testimonios de mujeres que han sufrido una pérdida gestacional, destacando el sentimiento de duelo silenciado que a menudo rodea a esta experiencia. Se enfatiza que perder un embarazo es perder un bebé y que este duelo debe ser respetado. Las historias personales revelan la necesidad de ser escuchada y acompañada, y la importancia de contar con personal sanitario empático.",2025-09-25 10:24:30
pérdida embarazo comunidad,https://www.mamanoestassola.com/los-bebes-invisibles-y-el-aborto-de-primer-trimestre-de-embarazo/,Los bebés invisibles y el aborto de primer trimestre de embarazo - Mamá no estás sola,invalidation of early pregnancy loss,woman who experienced a first-trimester loss,"Este blog se centra en el dolor de la pérdida durante el primer trimestre, a menudo minimizado por la sociedad con frases como ""no era nada"". La autora, a través de su testimonio, valida la tristeza y el duelo que se siente, independientemente de las semanas de gestación. Se subraya que para los padres, el bebé es real desde el momento del positivo, y la pérdida de ese futuro imaginado es profundamente dolorosa.",2025-09-25 10:24:30
pérdida embarazo comunidad,https://planetaalicia.com/relato-perdida-gestacional/,Cuando tu hijo se va por el WC (relato de mi pérdida gestacional) - Planeta Alicia,the physical and emotional reality of miscarriage,a mother sharing her personal story,"Este relato ofrece una descripción cruda y honesta del proceso físico y emocional de un aborto espontáneo en casa. La autora comparte su experiencia para romper el tabú y el silencio que rodean a la muerte y el nacimiento. Al naturalizar el tema, busca ayudar a otras personas que puedan sentirse solas o desinformadas, destacando la importancia de hablar sobre estas experiencias para sanar.",2025-09-25 10:24:30
pérdida embarazo comunidad,https://www.reddit.com/r/tfmr_support/comments/10wz76b/perd%C3%AD_un_embarazo_no_un_beb%C3%A9_alguien_m%C3%A1s_se/,"Perdí un embarazo, no un bebé. ¿Alguien más se siente así? - Reddit",ambiguous grief and identity,person who has gone through a termination for medical reasons (TFMR),"Esta publicación de Reddit explora los sentimientos complejos y a veces contradictorios después de una interrupción del embarazo por razones médicas. La persona que escribe se siente en un limbo, sin identificarse completamente ni con la narrativa de un aborto espontáneo temprano ni con la de una muerte fetal a término. Los comentarios de la comunidad ofrecen validación para esta experiencia de duelo no lineal y demuestran cómo los foros en línea pueden ser un espacio para procesar emociones que no encajan en las narrativas de duelo más comunes.",2025-09-25 10:24:30
FIV éxito después fracasos,https://www.reddit.com/r/IVF/comments/1d5g9n5/anyone_has_success_with_ivf_after_failed_cycles/,Anyone has success with IVF after failed cycles? : r/IVF - Reddit,emotional distress and seeking hope,woman with endometriosis and poor response,"This Reddit post provides a raw, first-person account of the emotional exhaustion and defeat felt after three failed IVF cycles. The user shares specific medical details like having endometriosis, a low AMH, and poor egg retrieval results, making her experience highly relatable for others in a similar situation. The core of her post is a plea for hope, asking the community for success stories after multiple failures. This highlights the crucial role of peer support and shared experiences in navigating the profound disappointment and uncertainty of repeated unsuccessful treatments.",2025-09-25 10:24:53
FIV éxito después fracasos,https://www.reproduccionasistida.org/foro/tema/fiv-treintaneras-experiencia-perspectivas/,Fiv treintañeras experiencia/ perspectivas - Reproducción Asistida ORG,anxiety of the process and decision-making,woman in her thirties starting IVF,"This forum thread captures the anxieties and questions of women in their thirties undergoing IVF. One user details her specific results from the first cycle—many eggs retrieved, but a discouraging prognosis from the public health system (SS) for the remaining frozen embryos. Her post reveals the frustration of receiving limited information from healthcare providers, the emotional whiplash of high hopes followed by bad news, and the difficult decisions couples face about transferring embryos of perceived poor quality. It underscores the feeling of being rushed and ill-informed within a clinical setting, and the self-doubt that accompanies these critical choices.",2025-09-25 10:24:53
FIV éxito después fracasos,https://www.wefiv.com/blog/como-afrontar-un-tratamiento-de-fertilidad-fallido/,Cómo afrontar un tratamiento de fertilidad fallido - WeFIV,coping with grief and emotional fallout,woman experiencing a failed cycle,"This article focuses on the often-overlooked emotional aftermath of a failed IVF cycle. It identifies specific, powerful emotions like guilt, loss of control over one's own body, anguish, and envy towards successful pregnancies. The piece validates these feelings as normal reactions and provides concrete advice for coping, such as allowing oneself to grieve the loss of the expected pregnancy. It highlights the psychological burden carried by the woman, who may feel she has failed her partner and family, leading to social isolation. This perspective is crucial for understanding that the impact of failure extends far beyond the medical outcome.",2025-09-25 10:24:53
FIV éxito después fracasos,https://www.fertilitymadrid.com/blog/fiv-negativa-causas-ciclo-fallido/,FIV negativa: posibles causas de un ciclo fallido | Fertility Madrid,medical causes of failure,clinical expert,"From a clinical perspective, this article systematically breaks down the primary reasons for IVF failure. It emphasizes that a significant majority (70-80%) of success depends on embryo quality, which is often linked to maternal age. The post also details other contributing factors like uterine abnormalities, immunological issues, and thrombophilia, which account for the remaining 20-30% of failures. This provides a structured, scientific explanation that can help patients understand the complexities involved and why success is not guaranteed, shifting the focus from personal blame to biological and medical factors.",2025-09-25 10:24:53
FIV éxito después fracasos,https://vidafertility.com/blog/fiv-negativa/,FIV negativa: ¿Qué hacer tras varios intentos de fecundación in vitro sin éxito?,practical next steps and alternative paths,fertility specialist,"This blog post, featuring a fertility doctor, addresses the critical question of 'what now?' after repeated IVF failures. It outlines a path forward, emphasizing the importance of analyzing the previous failed cycle to adjust future treatments. The article presents a range of alternative options, including ICSI (intracytoplasmic sperm injection), egg donation, or embryo adoption, positioning them as viable next steps rather than an end to the journey. A key insight is the message of not losing hope while also being realistic about exploring different paths to parenthood, highlighting the need for both emotional recovery and strategic medical planning with a specialist.",2025-09-25 10:24:53
tratamiento fertilidad vale la pena,https://www.in-ser.com/todo-vale-la-pena/,Todo vale la pena - Inser,emotional struggle,woman undergoing treatment,"This personal blog post recounts a long and emotionally draining journey through various unsuccessful fertility treatments. The author describes the heartbreak of seeing friends get pregnant and the feeling of self-blame. It highlights the immense emotional toll and the perseverance required, culminating in the joy of a successful pregnancy, reinforcing the idea that for her, the difficult process was ultimately worthwhile.",2025-09-25 10:25:13
tratamiento fertilidad vale la pena,https://www.infobae.com/leamos/2023/08/23/la-experiencia-de-dos-mujeres-que-decidieron-terminar-con-los-tratamientos-de-fertilidad-y-el-dificil-momento-de-decir-basta/,La experiencia de dos mujeres que decidieron terminar con los tratamientos de fertilidad y el difícil momento de decir “basta” - Infobae,decision to stop treatment,women who ended fertility treatments,"This article provides a rarely heard perspective on fertility treatments: the decision to stop. It shares the stories of women who, after numerous failed attempts, chose to end their treatment journey. The piece challenges the 'never give up' narrative, suggesting that accepting a life without biological children can also lead to happiness and fulfillment, and that setting boundaries is a healthy choice.",2025-09-25 10:25:13
tratamiento fertilidad vale la pena,https://www.profertil.es/experiencias-de-los-pacientes/,Experiencias de los pacientes - PROFERTIL,male factor infertility,male partner,"This page of testimonials focuses on the male partner's role and perspective in the fertility journey. It includes a story from a man whose sperm count improved after taking a supplement, leading to a successful pregnancy. This highlights the importance of addressing male infertility and offers a sense of hope and proactive measures that can be taken from the male partner's side.",2025-09-25 10:25:13
tratamiento fertilidad vale la pena,https://www.azulfertilityexperts.com/vale-la-pena-viajar-para-un-tratamiento-de-fertilidad/,Vale la pena viajar para un tratamiento de fertilidad? - Azul Fertility Experts,financial burden and medical tourism,prospective patient considering options,"This blog post addresses the financial and logistical aspects of fertility treatments by exploring medical tourism. It discusses the potential for lower costs, access to advanced technologies, and shorter waiting times when seeking treatment abroad in countries like Costa Rica, Mexico, and Spain. This provides a practical perspective on how to manage the financial burden and accessibility of fertility care.",2025-09-25 10:25:13
tratamiento fertilidad vale la pena,https://www.clinicamujer.cl/testimoniales/,Testimoniales - Clinica Mujer,diverse paths to parenthood,same-sex female couple,"This testimonial from a same-sex female couple emphasizes that the emotional and financial effort of fertility treatment is worthwhile. Their story focuses on the creation of their family through assisted reproduction, highlighting the perspective of a homoparental couple and their message that love is what truly matters in forming a family. It underscores the idea that fertility treatments can be a path to parenthood for diverse family structures.",2025-09-25 10:25:13
